/*
Navicat MySQL Data Transfer

Source Server         : localhost
Source Server Version : 50612
Source Host           : localhost:3306
Source Database       : ag_admin

Target Server Type    : MYSQL
Target Server Version : 50612
File Encoding         : 65001

Date: 2017-06-26 13:27:35
*/

SET FOREIGN_KEY_CHECKS=0;

-- ----------------------------
-- Table structure for base_element
-- ----------------------------
DROP TABLE IF EXISTS `base_element`;
CREATE TABLE `base_element` (
  `id` int(11) NOT NULL AUTO_INCREMENT,
  `code` varchar(255) DEFAULT NULL,
  `type` varchar(255) DEFAULT NULL,
  `name` varchar(255) DEFAULT NULL,
  `uri` varchar(255) DEFAULT NULL,
  `menu_id` varchar(255) DEFAULT NULL,
  `parent_id` varchar(255) DEFAULT NULL,
  `path` varchar(2000) DEFAULT NULL,
  `method` varchar(10) DEFAULT NULL,
  `description` varchar(255) DEFAULT NULL,
  `crt_time` date DEFAULT NULL,
  `crt_user` varchar(255) DEFAULT NULL,
  `crt_name` varchar(255) DEFAULT NULL,
  `crt_host` varchar(255) DEFAULT NULL,
  `attr1` varchar(255) DEFAULT NULL,
  `attr2` varchar(255) DEFAULT NULL,
  `attr3` varchar(255) DEFAULT NULL,
  `attr4` varchar(255) DEFAULT NULL,
  `attr5` varchar(255) DEFAULT NULL,
  `attr6` varchar(255) DEFAULT NULL,
  `attr7` varchar(255) DEFAULT NULL,
  `attr8` varchar(255) DEFAULT NULL,
  PRIMARY KEY (`id`)
) ENGINE=InnoDB AUTO_INCREMENT=36 DEFAULT CHARSET=utf8mb4;

-- ----------------------------
-- Records of base_element
-- ----------------------------
INSERT INTO `base_element` VALUES ('3', 'userManager:btn_add', 'button', '新增', '/back/user', '1', null, null, 'POST', '', null, null, null, null, null, null, null, null, null, null, null, null);
INSERT INTO `base_element` VALUES ('4', 'userManager:btn_edit', 'button', '编辑', '/back/user', '1', null, null, 'PUT', '', null, null, null, null, null, null, null, null, null, null, null, null);
INSERT INTO `base_element` VALUES ('5', 'userManager:btn_del	', 'button', '删除', '/back/user', '1', null, null, 'DELETE', '', null, null, null, null, null, null, null, null, null, null, null, null);
INSERT INTO `base_element` VALUES ('9', 'menuManager:element', 'uri', '按钮页面', '/admin/element', '6', null, null, 'GET', '', null, null, null, null, null, null, null, null, null, null, null, null);
INSERT INTO `base_element` VALUES ('10', 'menuManager:btn_add', 'button', '新增', '/back/menu', '6', null, null, 'POST', '', null, null, null, null, null, null, null, null, null, null, null, null);
INSERT INTO `base_element` VALUES ('11', 'menuManager:btn_edit', 'button', '编辑', '/back/menu', '6', '', '', 'PUT', '', '2017-06-24', '', '', '', '', '', '', '', '', '', '', '');
INSERT INTO `base_element` VALUES ('12', 'menuManager:btn_del	', 'button', '删除', '/back/menu', '6', '', '', 'DELETE', '', '2017-06-24', '', '', '', '', '', '', '', '', '', '', '');
INSERT INTO `base_element` VALUES ('13', 'menuManager:btn_element_add', 'button', '新增元素', '/back/element', '6', null, null, 'POST', '', null, null, null, null, null, null, null, null, null, null, null, null);
INSERT INTO `base_element` VALUES ('14', 'menuManager:btn_element_edit', 'button', '编辑元素', '/back/element', '6', null, null, 'PUT', '', null, null, null, null, null, null, null, null, null, null, null, null);
INSERT INTO `base_element` VALUES ('15', 'btn_element_del', 'button', '删除元素', '/back/element', '6', null, null, 'DELETE', '', null, null, null, null, null, null, null, null, null, null, null, null);
INSERT INTO `base_element` VALUES ('16', 'groupManager:btn_add', 'button', '新增', '/back/group', '7', null, null, 'POST', '', null, null, null, null, null, null, null, null, null, null, null, null);
INSERT INTO `base_element` VALUES ('17', 'groupManager:btn_edit', 'button', '编辑', '/back/group', '7', null, null, 'PUT', '', null, null, null, null, null, null, null, null, null, null, null, null);
INSERT INTO `base_element` VALUES ('18', 'groupManager:btn_del', 'button', '删除', '/back/group', '7', null, null, 'DELETE', '', null, null, null, null, null, null, null, null, null, null, null, null);
INSERT INTO `base_element` VALUES ('19', 'groupManager:btn_userManager', 'button', '分配用户', '/back/group/{*}/user', '7', null, null, 'PUT', '', null, null, null, null, null, null, null, null, null, null, null, null);
INSERT INTO `base_element` VALUES ('20', 'groupManager:btn_resourceManager', 'button', '分配权限', '/back/group/{*}/authority', '7', null, null, 'GET', '', null, null, null, null, null, null, null, null, null, null, null, null);
INSERT INTO `base_element` VALUES ('21', 'groupManager:menu', 'uri', '分配菜单', '/back/group/{*}/authority/menu', '7', null, null, 'POST', '', null, null, null, null, null, null, null, null, null, null, null, null);
INSERT INTO `base_element` VALUES ('22', 'groupManager:element', 'uri', '分配资源', '/back/group/{*}/authority/element', '7', null, null, 'POST', '', null, null, null, null, null, null, null, null, null, null, null, null);
INSERT INTO `base_element` VALUES ('23', 'userManager:view	', 'uri', '查看', '/back/user', '1', '', '', 'GET', '', '2017-06-26', '', '', '', '', '', '', '', '', '', '', '');
INSERT INTO `base_element` VALUES ('24', 'menuManager:view', 'uri', '查看', '/back/menu', '6', '', '', 'GET', '', '2017-06-26', '', '', '', '', '', '', '', '', '', '', '');
INSERT INTO `base_element` VALUES ('27', 'menuManager:element_view', 'uri', '查看', '/back/element', '6', null, null, 'GET', null, null, null, null, null, null, null, null, null, null, null, null, null);
INSERT INTO `base_element` VALUES ('28', 'groupManager:view', 'uri', '查看', '/back/group', '7', null, null, 'GET', null, null, null, null, null, null, null, null, null, null, null, null, null);
INSERT INTO `base_element` VALUES ('30', 'adminAPI:view', 'uri', '查看', '/back/swagger', '23', null, null, 'GET', '', null, null, null, null, null, null, null, null, null, null, null, null);
INSERT INTO `base_element` VALUES ('31', 'adminAPI:swagger', 'uri', '查看', '/back/v2', '23', null, null, 'GET', '', null, null, null, null, null, null, null, null, null, null, null, null);
INSERT INTO `base_element` VALUES ('32', 'groupTypeManager:view', 'uri', '查看', '/back/groupType', '8', null, null, 'GET', '', null, null, null, null, null, null, null, null, null, null, null, null);
INSERT INTO `base_element` VALUES ('33', 'groupTypeManager:btn_add', 'button', '新增', '/back/groupType', '8', null, null, 'POST', null, null, null, null, null, null, null, null, null, null, null, null, null);
INSERT INTO `base_element` VALUES ('34', 'groupTypeManager:btn_edit', 'button', '编辑', '/back/groupType', '8', null, null, 'PUT', null, null, null, null, null, null, null, null, null, null, null, null, null);
INSERT INTO `base_element` VALUES ('35', 'groupTypeManager:btn_del', 'button', '删除', '/back/groupType', '8', null, null, 'DELETE', null, null, null, null, null, null, null, null, null, null, null, null, null);

-- ----------------------------
-- Table structure for base_group
-- ----------------------------
DROP TABLE IF EXISTS `base_group`;
CREATE TABLE `base_group` (
  `id` int(11) NOT NULL AUTO_INCREMENT,
  `code` varchar(255) DEFAULT NULL,
  `name` varchar(255) DEFAULT NULL,
  `parent_id` int(11) NOT NULL,
  `path` varchar(2000) DEFAULT NULL,
  `type` char(1) DEFAULT NULL,
  `group_type` int(11) NOT NULL,
  `description` varchar(255) DEFAULT NULL,
  `crt_time` date DEFAULT NULL,
  `crt_user` varchar(255) DEFAULT NULL,
  `crt_name` varchar(255) DEFAULT NULL,
  `crt_host` varchar(255) DEFAULT NULL,
  `upd_time` date DEFAULT NULL,
  `upd_user` varchar(255) DEFAULT NULL,
  `upd_name` varchar(255) DEFAULT NULL,
  `upd_host` varchar(255) DEFAULT NULL,
  `attr1` varchar(255) DEFAULT NULL,
  `attr2` varchar(255) DEFAULT NULL,
  `attr3` varchar(255) DEFAULT NULL,
  `attr4` varchar(255) DEFAULT NULL,
  `attr5` varchar(255) DEFAULT NULL,
  `attr6` varchar(255) DEFAULT NULL,
  `attr7` varchar(255) DEFAULT NULL,
  `attr8` varchar(255) DEFAULT NULL,
  PRIMARY KEY (`id`)
) ENGINE=InnoDB AUTO_INCREMENT=9 DEFAULT CHARSET=utf8mb4;

-- ----------------------------
-- Records of base_group
-- ----------------------------
INSERT INTO `base_group` VALUES ('1', 'adminRole', '管理员', '-1', '/adminRole', null, '1', '', null, null, null, null, null, null, null, null, null, null, null, null, null, null, null, null);
INSERT INTO `base_group` VALUES ('3', 'testGroup', '体验组', '-1', '/testGroup', null, '1', '', null, null, null, null, null, null, null, null, null, null, null, null, null, null, null, null);
INSERT INTO `base_group` VALUES ('4', 'visitorRole', '游客', '3', '/testGroup/visitorRole', null, '1', '', null, null, null, null, null, null, null, null, null, null, null, null, null, null, null, null);
INSERT INTO `base_group` VALUES ('5', 'freeRole', '试用', '3', '/testGroup/freeRole', null, '1', '', null, null, null, null, null, null, null, null, null, null, null, null, null, null, null, null);
INSERT INTO `base_group` VALUES ('6', 'company', 'AG集团', '-1', '/company', null, '2', '', null, null, null, null, null, null, null, null, null, null, null, null, null, null, null, null);
INSERT INTO `base_group` VALUES ('7', 'financeDepart', '财务部', '6', '/company/financeDepart', null, '2', '', null, null, null, null, null, null, null, null, null, null, null, null, null, null, null, null);
INSERT INTO `base_group` VALUES ('8', 'hrDepart', '人力资源部', '6', '/company/hrDepart', null, '2', '', null, null, null, null, null, null, null, null, null, null, null, null, null, null, null, null);

-- ----------------------------
-- Table structure for base_group_leader
-- ----------------------------
DROP TABLE IF EXISTS `base_group_leader`;
CREATE TABLE `base_group_leader` (
  `id` int(11) NOT NULL AUTO_INCREMENT,
  `group_id` varchar(255) DEFAULT NULL,
  `user_id` varchar(255) DEFAULT NULL,
  `description` varchar(255) DEFAULT NULL,
  `crt_time` date DEFAULT NULL,
  `crt_user` varchar(255) DEFAULT NULL,
  `crt_name` varchar(255) DEFAULT NULL,
  `crt_host` varchar(255) DEFAULT NULL,
  `upd_time` date DEFAULT NULL,
  `upd_user` varchar(255) DEFAULT NULL,
  `upd_name` varchar(255) DEFAULT NULL,
  `upd_host` varchar(255) DEFAULT NULL,
  `attr1` varchar(255) DEFAULT NULL,
  `attr2` varchar(255) DEFAULT NULL,
  `attr3` varchar(255) DEFAULT NULL,
  `attr4` varchar(255) DEFAULT NULL,
  `attr5` varchar(255) DEFAULT NULL,
  `attr6` varchar(255) DEFAULT NULL,
  `attr7` varchar(255) DEFAULT NULL,
  `attr8` varchar(255) DEFAULT NULL,
  PRIMARY KEY (`id`)
) ENGINE=InnoDB AUTO_INCREMENT=4 DEFAULT CHARSET=utf8mb4;

-- ----------------------------
-- Records of base_group_leader
-- ----------------------------
INSERT INTO `base_group_leader` VALUES ('3', '1', '1', null, null, null, null, null, null, null, null, null, null, null, null, null, null, null, null, null);

-- ----------------------------
-- Table structure for base_group_member
-- ----------------------------
DROP TABLE IF EXISTS `base_group_member`;
CREATE TABLE `base_group_member` (
  `id` int(11) NOT NULL AUTO_INCREMENT,
  `group_id` varchar(255) DEFAULT NULL,
  `user_id` varchar(255) DEFAULT NULL,
  `description` varchar(255) DEFAULT NULL,
  `crt_time` date DEFAULT NULL,
  `crt_user` varchar(255) DEFAULT NULL,
  `crt_name` varchar(255) DEFAULT NULL,
  `crt_host` varchar(255) DEFAULT NULL,
  `upd_time` date DEFAULT NULL,
  `upd_user` varchar(255) DEFAULT NULL,
  `upd_name` varchar(255) DEFAULT NULL,
  `upd_host` varchar(255) DEFAULT NULL,
  `attr1` varchar(255) DEFAULT NULL,
  `attr2` varchar(255) DEFAULT NULL,
  `attr3` varchar(255) DEFAULT NULL,
  `attr4` varchar(255) DEFAULT NULL,
  `attr5` varchar(255) DEFAULT NULL,
  `attr6` varchar(255) DEFAULT NULL,
  `attr7` varchar(255) DEFAULT NULL,
  `attr8` varchar(255) DEFAULT NULL,
  PRIMARY KEY (`id`)
) ENGINE=InnoDB AUTO_INCREMENT=6 DEFAULT CHARSET=utf8mb4;

-- ----------------------------
-- Records of base_group_member
-- ----------------------------
INSERT INTO `base_group_member` VALUES ('2', '4', '2', null, null, null, null, null, null, null, null, null, null, null, null, null, null, null, null, null);
INSERT INTO `base_group_member` VALUES ('5', '1', '1', null, null, null, null, null, null, null, null, null, null, null, null, null, null, null, null, null);

-- ----------------------------
-- Table structure for base_group_type
-- ----------------------------
DROP TABLE IF EXISTS `base_group_type`;
CREATE TABLE `base_group_type` (
  `id` int(11) NOT NULL AUTO_INCREMENT,
  `code` varchar(255) DEFAULT NULL,
  `name` varchar(255) DEFAULT NULL,
  `description` varchar(255) DEFAULT NULL,
  `crt_time` date DEFAULT NULL,
  `crt_user` varchar(255) DEFAULT NULL,
  `crt_name` varchar(255) DEFAULT NULL,
  `crt_host` varchar(255) DEFAULT NULL,
  `upd_time` date DEFAULT NULL,
  `upd_user` varchar(255) DEFAULT NULL,
  `upd_name` varchar(255) DEFAULT NULL,
  `upd_host` varchar(255) DEFAULT NULL,
  `attr1` varchar(255) DEFAULT NULL,
  `attr2` varchar(255) DEFAULT NULL,
  `attr3` varchar(255) DEFAULT NULL,
  `attr4` varchar(255) DEFAULT NULL,
  `attr5` varchar(255) DEFAULT NULL,
  `attr6` varchar(255) DEFAULT NULL,
  `attr7` varchar(255) DEFAULT NULL,
  `attr8` varchar(255) DEFAULT NULL,
  PRIMARY KEY (`id`)
) ENGINE=InnoDB AUTO_INCREMENT=4 DEFAULT CHARSET=utf8mb4;

-- ----------------------------
-- Records of base_group_type
-- ----------------------------
INSERT INTO `base_group_type` VALUES ('1', null, '角色类型', '', null, null, null, null, null, null, null, null, null, null, null, null, null, null, null, null);
INSERT INTO `base_group_type` VALUES ('2', 'depart', '部门类型', null, null, null, null, null, null, null, null, null, null, null, null, null, null, null, null, null);
INSERT INTO `base_group_type` VALUES ('3', null, '自定义类型', '123', null, null, null, null, null, null, null, null, null, null, null, null, null, null, null, null);

-- ----------------------------
-- Table structure for base_menu
-- ----------------------------
DROP TABLE IF EXISTS `base_menu`;
CREATE TABLE `base_menu` (
  `id` int(11) NOT NULL AUTO_INCREMENT,
  `code` varchar(255) DEFAULT NULL,
  `title` varchar(255) DEFAULT NULL,
  `parent_id` int(11) NOT NULL,
  `href` varchar(255) DEFAULT NULL,
  `icon` varchar(255) DEFAULT NULL,
  `type` char(1) DEFAULT NULL,
  `order_num` int(11) NOT NULL DEFAULT '0',
  `description` varchar(255) DEFAULT NULL,
  `path` varchar(500) DEFAULT NULL,
  `enabled` char(1) DEFAULT NULL,
  `crt_time` date DEFAULT NULL,
  `crt_user` varchar(255) DEFAULT NULL,
  `crt_name` varchar(255) DEFAULT NULL,
  `crt_host` varchar(255) DEFAULT NULL,
  `upd_time` date DEFAULT NULL,
  `upd_user` varchar(255) DEFAULT NULL,
  `upd_name` varchar(255) DEFAULT NULL,
  `upd_host` varchar(255) DEFAULT NULL,
  `attr1` varchar(255) DEFAULT NULL,
  `attr2` varchar(255) DEFAULT NULL,
  `attr3` varchar(255) DEFAULT NULL,
  `attr4` varchar(255) DEFAULT NULL,
  `attr5` varchar(255) DEFAULT NULL,
  `attr6` varchar(255) DEFAULT NULL,
  `attr7` varchar(255) DEFAULT NULL,
  `attr8` varchar(255) DEFAULT NULL,
  PRIMARY KEY (`id`)
) ENGINE=InnoDB AUTO_INCREMENT=25 DEFAULT CHARSET=utf8mb4;

-- ----------------------------
-- Records of base_menu
-- ----------------------------
INSERT INTO `base_menu` VALUES ('1', 'userManager', '用户管理', '5', '/admin/user', 'fa fa-user', null, '0', '', '/adminSys/baseManager/userManager', null, null, null, null, null, null, null, null, null, null, null, null, null, null, null, null, null);
INSERT INTO `base_menu` VALUES ('5', 'baseManager', '基础配置管理', '13', '', 'fa fa-cog fa-spin', null, '0', '', '/adminSys/baseManager', null, null, null, null, null, null, null, null, null, null, null, null, null, null, null, null, null);
INSERT INTO `base_menu` VALUES ('6', 'menuManager', '菜单管理', '5', '/admin/menu', 'fa fa-list', null, '0', '', '/adminSys/baseManager/menuManager', null, null, null, null, null, null, null, null, null, null, null, null, null, null, null, null, null);
INSERT INTO `base_menu` VALUES ('7', 'groupManager', '用户组管理', '5', '/admin/group', 'fa fa-users', null, '0', '', '/adminSys/baseManager/groupManager', null, null, null, null, null, null, null, null, null, null, null, null, null, null, null, null, null);
INSERT INTO `base_menu` VALUES ('8', 'groupTypeManager', '组类型管理', '5', '/admin/groupType', 'fa fa-address-card-o', null, '0', '', '/adminSys/baseManager/groupTypeManager', null, null, null, null, null, null, null, null, null, null, null, null, null, null, null, null, null);
INSERT INTO `base_menu` VALUES ('9', 'monitorManager', '系统监控', '13', '', 'fa fa-area-chart', null, '0', '', '/adminSys/monitorManager', null, null, null, null, null, null, null, null, null, null, null, null, null, null, null, null, null);
INSERT INTO `base_menu` VALUES ('10', 'bootMonitor', 'Spring-Boot监控', '9', 'http://localhost:8764', 'fa fa-line-chart', null, '0', '', '/adminSys/monitorManager/bootMonitor', null, null, null, null, null, null, null, null, null, null, null, null, null, null, null, null, null);
INSERT INTO `base_menu` VALUES ('11', 'hystrixMonitor', 'Hystrix监控', '9', 'http://localhost:8764/hystrix', 'fa fa-bar-chart', null, '0', '', '/adminSys/monitorManager/hystrixMonitor', null, null, null, null, null, null, null, null, null, null, null, null, null, null, null, null, null);
INSERT INTO `base_menu` VALUES ('13', 'adminSys', '权限管理系统', '-1', '', 'fa fa-terminal', null, '0', '', '/adminSys', null, null, null, null, null, null, null, null, null, null, null, null, null, null, null, null, null);
INSERT INTO `base_menu` VALUES ('14', 'contentSys', '内容管理系统', '-1', '', 'fa-newspaper-o', null, '0', '', '/contentSys', null, null, null, null, null, null, null, null, null, null, null, null, null, null, null, null, null);
INSERT INTO `base_menu` VALUES ('17', 'articleManger', '文章管理', '20', '', '', null, '0', '', '/contentSys/artComManger/articleManger', null, null, null, null, null, null, null, null, null, null, null, null, null, null, null, null, null);
INSERT INTO `base_menu` VALUES ('18', 'commentManager', '评论管理', '20', '', '', null, '0', '', '/contentSys/artComManger/commentManager', null, null, null, null, null, null, null, null, null, null, null, null, null, null, null, null, null);
INSERT INTO `base_menu` VALUES ('20', 'artComManger', '文章评论管理', '14', '', 'fa fa-bookmark', null, '0', '', '/contentSys/artComManger', null, null, null, null, null, null, null, null, null, null, null, null, null, null, null, null, null);
INSERT INTO `base_menu` VALUES ('21', 'dictManager', '数据字典', '5', '', 'fa fa-book', null, '0', '', '/adminSys/baseManager/dictManager', null, null, null, null, null, null, null, null, null, null, null, null, null, null, null, null, null);
INSERT INTO `base_menu` VALUES ('22', 'apiManager', '服务端api文档', '13', '', 'fa fa-folder', null, '0', '', '/adminSys/apiManager', null, null, null, null, null, null, null, null, null, null, null, null, null, null, null, null, null);
INSERT INTO `base_menu` VALUES ('23', 'adminAPI', 'Admin Rest API', '22', '/back/swagger-ui.html', 'fa fa-file-code-o', null, '0', '', '/adminSys/apiManager/adminAPI', null, null, null, null, null, null, null, null, null, null, null, null, null, null, null, null, null);
INSERT INTO `base_menu` VALUES ('24', 'druidMonitor', 'Admin Druid数据监控', '9', '/back/druid/datasource.html', 'fa fa-line-chart', null, '0', '', '/adminSys/monitorManager/druidMonitor', null, null, null, null, null, null, null, null, null, null, null, null, null, null, null, null, null);

-- ----------------------------
-- Table structure for base_resource_authority
-- ----------------------------
DROP TABLE IF EXISTS `base_resource_authority`;
CREATE TABLE `base_resource_authority` (
  `id` int(11) NOT NULL AUTO_INCREMENT,
  `authority_id` varchar(255) DEFAULT NULL,
  `authority_type` varchar(255) DEFAULT NULL,
  `resource_id` varchar(255) DEFAULT NULL,
  `resource_type` varchar(255) DEFAULT NULL,
  `parent_id` varchar(255) DEFAULT NULL,
  `path` varchar(2000) DEFAULT NULL,
  `description` varchar(255) DEFAULT NULL,
  `crt_time` date DEFAULT NULL,
  `crt_user` varchar(255) DEFAULT NULL,
  `crt_name` varchar(255) DEFAULT NULL,
  `crt_host` varchar(255) DEFAULT NULL,
  `attr1` varchar(255) DEFAULT NULL,
  `attr2` varchar(255) DEFAULT NULL,
  `attr3` varchar(255) DEFAULT NULL,
  `attr4` varchar(255) DEFAULT NULL,
  `attr5` varchar(255) DEFAULT NULL,
  `attr6` varchar(255) DEFAULT NULL,
  `attr7` varchar(255) DEFAULT NULL,
  `attr8` varchar(255) DEFAULT NULL,
  PRIMARY KEY (`id`)
) ENGINE=InnoDB AUTO_INCREMENT=441 DEFAULT CHARSET=utf8mb4;

-- ----------------------------
-- Records of base_resource_authority
-- ----------------------------
INSERT INTO `base_resource_authority` VALUES ('285', '1', 'group', '3', 'button', '-1', null, null, null, null, null, null, null, null, null, null, null, null, null, null);
INSERT INTO `base_resource_authority` VALUES ('286', '1', 'group', '4', 'button', '-1', null, null, null, null, null, null, null, null, null, null, null, null, null, null);
INSERT INTO `base_resource_authority` VALUES ('287', '1', 'group', '5', 'button', '-1', null, null, null, null, null, null, null, null, null, null, null, null, null, null);
INSERT INTO `base_resource_authority` VALUES ('288', '1', 'group', '9', 'button', '-1', null, null, null, null, null, null, null, null, null, null, null, null, null, null);
INSERT INTO `base_resource_authority` VALUES ('289', '1', 'group', '10', 'button', '-1', null, null, null, null, null, null, null, null, null, null, null, null, null, null);
INSERT INTO `base_resource_authority` VALUES ('290', '1', 'group', '11', 'button', '-1', null, null, null, null, null, null, null, null, null, null, null, null, null, null);
INSERT INTO `base_resource_authority` VALUES ('291', '1', 'group', '12', 'button', '-1', null, null, null, null, null, null, null, null, null, null, null, null, null, null);
INSERT INTO `base_resource_authority` VALUES ('292', '1', 'group', '3', 'button', '-1', null, null, null, null, null, null, null, null, null, null, null, null, null, null);
INSERT INTO `base_resource_authority` VALUES ('293', '1', 'group', '4', 'button', '-1', null, null, null, null, null, null, null, null, null, null, null, null, null, null);
INSERT INTO `base_resource_authority` VALUES ('294', '1', 'group', '5', 'button', '-1', null, null, null, null, null, null, null, null, null, null, null, null, null, null);
INSERT INTO `base_resource_authority` VALUES ('295', '1', 'group', '9', 'button', '-1', null, null, null, null, null, null, null, null, null, null, null, null, null, null);
INSERT INTO `base_resource_authority` VALUES ('296', '1', 'group', '10', 'button', '-1', null, null, null, null, null, null, null, null, null, null, null, null, null, null);
INSERT INTO `base_resource_authority` VALUES ('297', '1', 'group', '11', 'button', '-1', null, null, null, null, null, null, null, null, null, null, null, null, null, null);
INSERT INTO `base_resource_authority` VALUES ('298', '1', 'group', '12', 'button', '-1', null, null, null, null, null, null, null, null, null, null, null, null, null, null);
INSERT INTO `base_resource_authority` VALUES ('299', '1', 'group', '9', 'button', '-1', null, null, null, null, null, null, null, null, null, null, null, null, null, null);
INSERT INTO `base_resource_authority` VALUES ('300', '1', 'group', '12', 'button', '-1', null, null, null, null, null, null, null, null, null, null, null, null, null, null);
INSERT INTO `base_resource_authority` VALUES ('301', '1', 'group', '10', 'button', '-1', null, null, null, null, null, null, null, null, null, null, null, null, null, null);
INSERT INTO `base_resource_authority` VALUES ('302', '1', 'group', '11', 'button', '-1', null, null, null, null, null, null, null, null, null, null, null, null, null, null);
INSERT INTO `base_resource_authority` VALUES ('303', '1', 'group', '13', 'button', '-1', null, null, null, null, null, null, null, null, null, null, null, null, null, null);
INSERT INTO `base_resource_authority` VALUES ('304', '1', 'group', '14', 'button', '-1', null, null, null, null, null, null, null, null, null, null, null, null, null, null);
INSERT INTO `base_resource_authority` VALUES ('305', '1', 'group', '15', 'button', '-1', null, null, null, null, null, null, null, null, null, null, null, null, null, null);
INSERT INTO `base_resource_authority` VALUES ('306', '1', 'group', '10', 'button', '-1', null, null, null, null, null, null, null, null, null, null, null, null, null, null);
INSERT INTO `base_resource_authority` VALUES ('307', '1', 'group', '11', 'button', '-1', null, null, null, null, null, null, null, null, null, null, null, null, null, null);
INSERT INTO `base_resource_authority` VALUES ('308', '1', 'group', '12', 'button', '-1', null, null, null, null, null, null, null, null, null, null, null, null, null, null);
INSERT INTO `base_resource_authority` VALUES ('309', '1', 'group', '13', 'button', '-1', null, null, null, null, null, null, null, null, null, null, null, null, null, null);
INSERT INTO `base_resource_authority` VALUES ('310', '1', 'group', '14', 'button', '-1', null, null, null, null, null, null, null, null, null, null, null, null, null, null);
INSERT INTO `base_resource_authority` VALUES ('311', '1', 'group', '9', 'button', '-1', null, null, null, null, null, null, null, null, null, null, null, null, null, null);
INSERT INTO `base_resource_authority` VALUES ('312', '1', 'group', '15', 'button', '-1', null, null, null, null, null, null, null, null, null, null, null, null, null, null);
INSERT INTO `base_resource_authority` VALUES ('313', '1', 'group', '16', 'button', '-1', null, null, null, null, null, null, null, null, null, null, null, null, null, null);
INSERT INTO `base_resource_authority` VALUES ('314', '1', 'group', '17', 'button', '-1', null, null, null, null, null, null, null, null, null, null, null, null, null, null);
INSERT INTO `base_resource_authority` VALUES ('315', '1', 'group', '18', 'button', '-1', null, null, null, null, null, null, null, null, null, null, null, null, null, null);
INSERT INTO `base_resource_authority` VALUES ('316', '1', 'group', '19', 'button', '-1', null, null, null, null, null, null, null, null, null, null, null, null, null, null);
INSERT INTO `base_resource_authority` VALUES ('317', '1', 'group', '20', 'button', '-1', null, null, null, null, null, null, null, null, null, null, null, null, null, null);
INSERT INTO `base_resource_authority` VALUES ('318', '1', 'group', '21', 'button', '-1', null, null, null, null, null, null, null, null, null, null, null, null, null, null);
INSERT INTO `base_resource_authority` VALUES ('319', '1', 'group', '22', 'button', '-1', null, null, null, null, null, null, null, null, null, null, null, null, null, null);
INSERT INTO `base_resource_authority` VALUES ('349', '4', 'group', '9', 'button', '-1', null, null, null, null, null, null, null, null, null, null, null, null, null, null);
INSERT INTO `base_resource_authority` VALUES ('371', '1', 'group', '23', 'button', '-1', null, null, null, null, null, null, null, null, null, null, null, null, null, null);
INSERT INTO `base_resource_authority` VALUES ('372', '1', 'group', '24', 'button', '-1', null, null, null, null, null, null, null, null, null, null, null, null, null, null);
INSERT INTO `base_resource_authority` VALUES ('373', '1', 'group', '27', 'button', '-1', null, null, null, null, null, null, null, null, null, null, null, null, null, null);
INSERT INTO `base_resource_authority` VALUES ('374', '1', 'group', '28', 'button', '-1', null, null, null, null, null, null, null, null, null, null, null, null, null, null);
INSERT INTO `base_resource_authority` VALUES ('375', '1', 'group', '23', 'button', '-1', null, null, null, null, null, null, null, null, null, null, null, null, null, null);
INSERT INTO `base_resource_authority` VALUES ('376', '1', 'group', '3', 'button', '-1', null, null, null, null, null, null, null, null, null, null, null, null, null, null);
INSERT INTO `base_resource_authority` VALUES ('377', '1', 'group', '4', 'button', '-1', null, null, null, null, null, null, null, null, null, null, null, null, null, null);
INSERT INTO `base_resource_authority` VALUES ('378', '1', 'group', '5', 'button', '-1', null, null, null, null, null, null, null, null, null, null, null, null, null, null);
INSERT INTO `base_resource_authority` VALUES ('379', '1', 'group', '9', 'button', '-1', null, null, null, null, null, null, null, null, null, null, null, null, null, null);
INSERT INTO `base_resource_authority` VALUES ('380', '1', 'group', '11', 'button', '-1', null, null, null, null, null, null, null, null, null, null, null, null, null, null);
INSERT INTO `base_resource_authority` VALUES ('381', '1', 'group', '14', 'button', '-1', null, null, null, null, null, null, null, null, null, null, null, null, null, null);
INSERT INTO `base_resource_authority` VALUES ('382', '1', 'group', '13', 'button', '-1', null, null, null, null, null, null, null, null, null, null, null, null, null, null);
INSERT INTO `base_resource_authority` VALUES ('383', '1', 'group', '15', 'button', '-1', null, null, null, null, null, null, null, null, null, null, null, null, null, null);
INSERT INTO `base_resource_authority` VALUES ('384', '1', 'group', '12', 'button', '-1', null, null, null, null, null, null, null, null, null, null, null, null, null, null);
INSERT INTO `base_resource_authority` VALUES ('385', '1', 'group', '24', 'button', '-1', null, null, null, null, null, null, null, null, null, null, null, null, null, null);
INSERT INTO `base_resource_authority` VALUES ('386', '1', 'group', '10', 'button', '-1', null, null, null, null, null, null, null, null, null, null, null, null, null, null);
INSERT INTO `base_resource_authority` VALUES ('387', '1', 'group', '27', 'button', '-1', null, null, null, null, null, null, null, null, null, null, null, null, null, null);
INSERT INTO `base_resource_authority` VALUES ('388', '1', 'group', '16', 'button', '-1', null, null, null, null, null, null, null, null, null, null, null, null, null, null);
INSERT INTO `base_resource_authority` VALUES ('389', '1', 'group', '18', 'button', '-1', null, null, null, null, null, null, null, null, null, null, null, null, null, null);
INSERT INTO `base_resource_authority` VALUES ('390', '1', 'group', '17', 'button', '-1', null, null, null, null, null, null, null, null, null, null, null, null, null, null);
INSERT INTO `base_resource_authority` VALUES ('391', '1', 'group', '19', 'button', '-1', null, null, null, null, null, null, null, null, null, null, null, null, null, null);
INSERT INTO `base_resource_authority` VALUES ('392', '1', 'group', '20', 'button', '-1', null, null, null, null, null, null, null, null, null, null, null, null, null, null);
INSERT INTO `base_resource_authority` VALUES ('393', '1', 'group', '28', 'button', '-1', null, null, null, null, null, null, null, null, null, null, null, null, null, null);
INSERT INTO `base_resource_authority` VALUES ('394', '1', 'group', '22', 'button', '-1', null, null, null, null, null, null, null, null, null, null, null, null, null, null);
INSERT INTO `base_resource_authority` VALUES ('395', '1', 'group', '21', 'button', '-1', null, null, null, null, null, null, null, null, null, null, null, null, null, null);
INSERT INTO `base_resource_authority` VALUES ('396', '4', 'group', '23', 'button', '-1', null, null, null, null, null, null, null, null, null, null, null, null, null, null);
INSERT INTO `base_resource_authority` VALUES ('397', '4', 'group', '9', 'button', '-1', null, null, null, null, null, null, null, null, null, null, null, null, null, null);
INSERT INTO `base_resource_authority` VALUES ('398', '4', 'group', '27', 'button', '-1', null, null, null, null, null, null, null, null, null, null, null, null, null, null);
INSERT INTO `base_resource_authority` VALUES ('399', '4', 'group', '24', 'button', '-1', null, null, null, null, null, null, null, null, null, null, null, null, null, null);
INSERT INTO `base_resource_authority` VALUES ('400', '4', 'group', '28', 'button', '-1', null, null, null, null, null, null, null, null, null, null, null, null, null, null);
INSERT INTO `base_resource_authority` VALUES ('401', '1', 'group', '30', 'button', '-1', null, null, null, null, null, null, null, null, null, null, null, null, null, null);
INSERT INTO `base_resource_authority` VALUES ('402', '1', 'group', '30', 'button', '-1', null, null, null, null, null, null, null, null, null, null, null, null, null, null);
INSERT INTO `base_resource_authority` VALUES ('403', '1', 'group', '31', 'button', '-1', null, null, null, null, null, null, null, null, null, null, null, null, null, null);
INSERT INTO `base_resource_authority` VALUES ('404', '1', 'group', '13', 'menu', '-1', null, null, null, null, null, null, null, null, null, null, null, null, null, null);
INSERT INTO `base_resource_authority` VALUES ('405', '1', 'group', '5', 'menu', '-1', null, null, null, null, null, null, null, null, null, null, null, null, null, null);
INSERT INTO `base_resource_authority` VALUES ('406', '1', 'group', '1', 'menu', '-1', null, null, null, null, null, null, null, null, null, null, null, null, null, null);
INSERT INTO `base_resource_authority` VALUES ('407', '1', 'group', '6', 'menu', '-1', null, null, null, null, null, null, null, null, null, null, null, null, null, null);
INSERT INTO `base_resource_authority` VALUES ('408', '1', 'group', '7', 'menu', '-1', null, null, null, null, null, null, null, null, null, null, null, null, null, null);
INSERT INTO `base_resource_authority` VALUES ('409', '1', 'group', '8', 'menu', '-1', null, null, null, null, null, null, null, null, null, null, null, null, null, null);
INSERT INTO `base_resource_authority` VALUES ('410', '1', 'group', '21', 'menu', '-1', null, null, null, null, null, null, null, null, null, null, null, null, null, null);
INSERT INTO `base_resource_authority` VALUES ('411', '1', 'group', '9', 'menu', '-1', null, null, null, null, null, null, null, null, null, null, null, null, null, null);
INSERT INTO `base_resource_authority` VALUES ('412', '1', 'group', '10', 'menu', '-1', null, null, null, null, null, null, null, null, null, null, null, null, null, null);
INSERT INTO `base_resource_authority` VALUES ('413', '1', 'group', '11', 'menu', '-1', null, null, null, null, null, null, null, null, null, null, null, null, null, null);
INSERT INTO `base_resource_authority` VALUES ('414', '1', 'group', '24', 'menu', '-1', null, null, null, null, null, null, null, null, null, null, null, null, null, null);
INSERT INTO `base_resource_authority` VALUES ('415', '1', 'group', '22', 'menu', '-1', null, null, null, null, null, null, null, null, null, null, null, null, null, null);
INSERT INTO `base_resource_authority` VALUES ('416', '1', 'group', '23', 'menu', '-1', null, null, null, null, null, null, null, null, null, null, null, null, null, null);
INSERT INTO `base_resource_authority` VALUES ('417', '1', 'group', '14', 'menu', '-1', null, null, null, null, null, null, null, null, null, null, null, null, null, null);
INSERT INTO `base_resource_authority` VALUES ('418', '1', 'group', '20', 'menu', '-1', null, null, null, null, null, null, null, null, null, null, null, null, null, null);
INSERT INTO `base_resource_authority` VALUES ('419', '1', 'group', '17', 'menu', '-1', null, null, null, null, null, null, null, null, null, null, null, null, null, null);
INSERT INTO `base_resource_authority` VALUES ('420', '1', 'group', '18', 'menu', '-1', null, null, null, null, null, null, null, null, null, null, null, null, null, null);
INSERT INTO `base_resource_authority` VALUES ('421', '1', 'group', '31', 'button', '-1', null, null, null, null, null, null, null, null, null, null, null, null, null, null);
INSERT INTO `base_resource_authority` VALUES ('422', '1', 'group', '30', 'button', '-1', null, null, null, null, null, null, null, null, null, null, null, null, null, null);
INSERT INTO `base_resource_authority` VALUES ('423', '4', 'group', '31', 'button', '-1', null, null, null, null, null, null, null, null, null, null, null, null, null, null);
INSERT INTO `base_resource_authority` VALUES ('424', '4', 'group', '30', 'button', '-1', null, null, null, null, null, null, null, null, null, null, null, null, null, null);
INSERT INTO `base_resource_authority` VALUES ('425', '4', 'group', '13', 'menu', '-1', null, null, null, null, null, null, null, null, null, null, null, null, null, null);
INSERT INTO `base_resource_authority` VALUES ('426', '4', 'group', '5', 'menu', '-1', null, null, null, null, null, null, null, null, null, null, null, null, null, null);
INSERT INTO `base_resource_authority` VALUES ('427', '4', 'group', '1', 'menu', '-1', null, null, null, null, null, null, null, null, null, null, null, null, null, null);
INSERT INTO `base_resource_authority` VALUES ('428', '4', 'group', '6', 'menu', '-1', null, null, null, null, null, null, null, null, null, null, null, null, null, null);
INSERT INTO `base_resource_authority` VALUES ('429', '4', 'group', '7', 'menu', '-1', null, null, null, null, null, null, null, null, null, null, null, null, null, null);
INSERT INTO `base_resource_authority` VALUES ('430', '4', 'group', '8', 'menu', '-1', null, null, null, null, null, null, null, null, null, null, null, null, null, null);
INSERT INTO `base_resource_authority` VALUES ('431', '4', 'group', '21', 'menu', '-1', null, null, null, null, null, null, null, null, null, null, null, null, null, null);
INSERT INTO `base_resource_authority` VALUES ('432', '4', 'group', '9', 'menu', '-1', null, null, null, null, null, null, null, null, null, null, null, null, null, null);
INSERT INTO `base_resource_authority` VALUES ('433', '4', 'group', '24', 'menu', '-1', null, null, null, null, null, null, null, null, null, null, null, null, null, null);
INSERT INTO `base_resource_authority` VALUES ('434', '4', 'group', '22', 'menu', '-1', null, null, null, null, null, null, null, null, null, null, null, null, null, null);
INSERT INTO `base_resource_authority` VALUES ('435', '4', 'group', '23', 'menu', '-1', null, null, null, null, null, null, null, null, null, null, null, null, null, null);
INSERT INTO `base_resource_authority` VALUES ('436', '1', 'group', '32', 'button', '-1', null, null, null, null, null, null, null, null, null, null, null, null, null, null);
INSERT INTO `base_resource_authority` VALUES ('437', '1', 'group', '33', 'button', '-1', null, null, null, null, null, null, null, null, null, null, null, null, null, null);
INSERT INTO `base_resource_authority` VALUES ('438', '1', 'group', '34', 'button', '-1', null, null, null, null, null, null, null, null, null, null, null, null, null, null);
INSERT INTO `base_resource_authority` VALUES ('439', '1', 'group', '35', 'button', '-1', null, null, null, null, null, null, null, null, null, null, null, null, null, null);
INSERT INTO `base_resource_authority` VALUES ('440', '4', 'group', '32', 'button', '-1', null, null, null, null, null, null, null, null, null, null, null, null, null, null);

-- ----------------------------
-- Table structure for base_user
-- ----------------------------
DROP TABLE IF EXISTS `base_user`;
CREATE TABLE `base_user` (
  `id` int(11) NOT NULL AUTO_INCREMENT,
  `username` varchar(255) DEFAULT NULL,
  `password` varchar(255) DEFAULT NULL,
  `name` varchar(255) DEFAULT NULL,
  `birthday` varchar(255) DEFAULT NULL,
  `address` varchar(255) DEFAULT NULL,
  `mobile_phone` varchar(255) DEFAULT NULL,
  `tel_phone` varchar(255) DEFAULT NULL,
  `email` varchar(255) DEFAULT NULL,
  `sex` char(1) DEFAULT NULL,
  `type` char(1) DEFAULT NULL,
  `status` char(1) DEFAULT NULL,
  `description` varchar(255) DEFAULT NULL,
  `crt_time` date DEFAULT NULL,
  `crt_user` varchar(255) DEFAULT NULL,
  `crt_name` varchar(255) DEFAULT NULL,
  `crt_host` varchar(255) DEFAULT NULL,
  `upd_time` date DEFAULT NULL,
  `upd_user` varchar(255) DEFAULT NULL,
  `upd_name` varchar(255) DEFAULT NULL,
  `upd_host` varchar(255) DEFAULT NULL,
  `attr1` varchar(255) DEFAULT NULL,
  `attr2` varchar(255) DEFAULT NULL,
  `attr3` varchar(255) DEFAULT NULL,
  `attr4` varchar(255) DEFAULT NULL,
  `attr5` varchar(255) DEFAULT NULL,
  `attr6` varchar(255) DEFAULT NULL,
  `attr7` varchar(255) DEFAULT NULL,
  `attr8` varchar(255) DEFAULT NULL,
  PRIMARY KEY (`id`)
) ENGINE=InnoDB AUTO_INCREMENT=7 DEFAULT CHARSET=utf8mb4;

-- ----------------------------
-- Records of base_user
-- ----------------------------
INSERT INTO `base_user` VALUES ('1', 'admin', '$2a$12$phuHRCCgXJwNJEhGd.euE./1J.orK1ildZa3KtbT6djqWRLPKKI9K', 'admin', '', null, '', null, '', '男', null, null, '', null, null, null, null, null, null, null, null, null, null, null, null, null, null, null, null);
INSERT INTO `base_user` VALUES ('2', 'test', '$2a$12$3YEZaMGj9CkJj17P4wKZgOhrIunylOA7dpA99uIJU/q9UfmC1LAD6', 'test', '', null, '', null, '', '男', null, null, '', null, null, null, null, null, null, null, null, null, null, null, null, null, null, null, null);

DROP TABLE IF EXISTS `gate_client`;
CREATE TABLE `gate_client` (
  `id` int(11) NOT NULL AUTO_INCREMENT,
  `code` varchar(255) DEFAULT NULL,
  `secret` varchar(255) DEFAULT NULL,
  `name` varchar(255) DEFAULT NULL,
  `locked` char(1) DEFAULT NULL,
  `description` varchar(255) DEFAULT NULL,
  `crt_time` date DEFAULT NULL,
  `crt_user` varchar(255) DEFAULT NULL,
  `crt_name` varchar(255) DEFAULT NULL,
  `crt_host` varchar(255) DEFAULT NULL,
  `upd_time` date DEFAULT NULL,
  `upd_user` varchar(255) DEFAULT NULL,
  `upd_name` varchar(255) DEFAULT NULL,
  `upd_host` varchar(255) DEFAULT NULL,
  `attr1` varchar(255) DEFAULT NULL,
  `attr2` varchar(255) DEFAULT NULL,
  `attr3` varchar(255) DEFAULT NULL,
  `attr4` varchar(255) DEFAULT NULL,
  `attr5` varchar(255) DEFAULT NULL,
  `attr6` varchar(255) DEFAULT NULL,
  `attr7` varchar(255) DEFAULT NULL,
  `attr8` varchar(255) DEFAULT NULL,
  PRIMARY KEY (`id`)
) ENGINE=InnoDB AUTO_INCREMENT=7 DEFAULT CHARSET=utf8mb4;

DROP TABLE IF EXISTS `gate_log`;
CREATE TABLE `gate_log` (
  `id` int(11) NOT NULL AUTO_INCREMENT,
  `menu` varchar(255) DEFAULT NULL,
  `option` varchar(255) DEFAULT NULL,
  `uri` varchar(255) DEFAULT NULL,
  `description` varchar(255) DEFAULT NULL,
  `crt_time` date DEFAULT NULL,
  `crt_user` varchar(255) DEFAULT NULL,
  `crt_name` varchar(255) DEFAULT NULL,
  `crt_host` varchar(255) DEFAULT NULL
  PRIMARY KEY (`id`)
) ENGINE=InnoDB AUTO_INCREMENT=7 DEFAULT CHARSET=utf8mb4;



--